mmsi,ship_name,ship_type,timestamp,latitude,longitude,speed_knots,heading,origin_port,destination_port,status,anomaly_flag,anomaly_type
123456789,MV OCEAN STAR,Cargo,2025-12-12T17:52:24.179102,18.957672,72.827759,14.6,0.0,Mumbai,Singapore,Underway,,
123456789,MV OCEAN STAR,Cargo,2025-12-12T18:24:24.179102,18.48694,73.555087,16.1,122.9,Mumbai,Singapore,Underway,,
123456789,MV OCEAN STAR,Cargo,2025-12-12T18:53:24.179102,18.109601,74.07473,12.2,126.0,Mumbai,Singapore,Underway,,
123456789,MV OCEAN STAR,Cargo,2025-12-12T19:29:24.179102,17.975273,74.579881,16.5,104.9,Mumbai,Singapore,Underway,,
123456789,MV OCEAN STAR,Cargo,2025-12-12T19:58:24.179102,17.50361,75.267091,14.5,124.5,Mumbai,Singapore,Underway,,
123456789,MV OCEAN STAR,Cargo,2025-12-12T20:21:24.179102,17.180044,76.031208,16.5,113.0,Mumbai,Singapore,Underway,,
123456789,MV OCEAN STAR,Cargo,2025-12-12T20:57:24.179102,16.87905,76.890347,18.0,109.3,Mumbai,Singapore,Underway,,
123456789,MV OCEAN STAR,Cargo,2025-12-12T21:26:24.179102,16.360002,77.303986,15.4,141.4,Mumbai,Singapore,Underway,,
123456789,MV OCEAN STAR,Cargo,2025-12-12T21:55:24.179102,15.973464,77.927302,14.7,121.8,Mumbai,Singapore,Underway,,
123456789,MV OCEAN STAR,Cargo,2025-12-12T22:21:24.179102,15.692237,78.533363,14.7,114.9,Mumbai,Singapore,Underway,,
123456789,MV OCEAN STAR,Cargo,2025-12-12T22:50:24.179102,15.303074,79.145157,10.7,122.5,Mumbai,Singapore,Underway,,
123456789,MV OCEAN STAR,Cargo,2025-12-12T23:27:24.179102,15.029374,79.651249,13.0,118.4,Mumbai,Singapore,Underway,,
123456789,MV OCEAN STAR,Cargo,2025-12-12T23:57:24.179102,14.62997,80.469681,18.2,116.0,Mumbai,Singapore,Underway,,
123456789,MV OCEAN STAR,Cargo,2025-12-13T00:26:24.179102,14.297901,81.145767,15.9,116.2,Mumbai,Singapore,Underway,,
123456789,MV OCEAN STAR,Cargo,2025-12-13T00:54:24.179102,14.080519,81.57699,16.0,116.8,Mumbai,Singapore,Underway,,
123456789,MV OCEAN STAR,Cargo,2025-12-13T01:26:24.179102,13.560431,82.458904,15.3,120.5,Mumbai,Singapore,Underway,,
123456789,MV OCEAN STAR,Cargo,2025-12-13T01:54:24.179102,13.210595,82.997739,15.3,123.0,Mumbai,Singapore,Underway,,
123456789,MV OCEAN STAR,Cargo,2025-12-13T02:23:24.179102,12.812398,83.523674,18.7,127.1,Mumbai,Singapore,Underway,,
123456789,MV OCEAN STAR,Cargo,2025-12-13T02:50:24.179102,12.441035,84.158633,14.5,120.3,Mumbai,Singapore,Underway,,
123456789,MV OCEAN STAR,Cargo,2025-12-13T03:21:24.179102,12.224133,84.991018,15.2,104.6,Mumbai,Singapore,Underway,,
123456789,MV OCEAN STAR,Cargo,2025-12-13T03:55:24.179102,11.629576,85.424332,14.8,143.9,Mumbai,Singapore,Underway,,
123456789,MV OCEAN STAR,Cargo,2025-12-13T04:27:24.179102,11.333909,86.004857,16.7,117.0,Mumbai,Singapore,Underway,,
123456789,MV OCEAN STAR,Cargo,2025-12-13T04:54:24.179102,10.9745,86.663587,16.7,118.6,Mumbai,Singapore,Underway,,
123456789,MV OCEAN STAR,Cargo,2025-12-13T05:22:24.179102,10.600643,87.512913,12.7,113.8,Mumbai,Singapore,Underway,,
123456789,MV OCEAN STAR,Cargo,2025-12-13T05:56:24.179102,10.488646,87.916109,14.5,105.5,Mumbai,Singapore,Underway,,
123456789,MV OCEAN STAR,Cargo,2025-12-13T06:29:24.179102,9.92397,88.655204,14.9,127.4,Mumbai,Singapore,Underway,,
123456789,MV OCEAN STAR,Cargo,2025-12-13T06:58:24.179102,9.543851,89.209127,14.7,124.5,Mumbai,Singapore,Underway,,
123456789,MV OCEAN STAR,Cargo,2025-12-13T07:27:24.179102,9.302592,89.870902,14.4,110.0,Mumbai,Singapore,Underway,,
123456789,MV OCEAN STAR,Cargo,2025-12-13T07:53:24.179102,8.904283,90.553749,16.0,120.3,Mumbai,Singapore,Underway,,
123456789,MV OCEAN STAR,Cargo,2025-12-13T08:21:24.179102,8.592289,91.02538,13.6,123.5,Mumbai,Singapore,Underway,,
123456789,MV OCEAN STAR,Cargo,2025-12-13T08:54:24.179102,8.224961,91.826256,18.9,114.6,Mumbai,Singapore,Underway,,
123456789,MV OCEAN STAR,Cargo,2025-12-13T09:29:24.179102,7.97114,92.460561,14.7,111.8,Mumbai,Singapore,Underway,,
123456789,MV OCEAN STAR,Cargo,2025-12-13T09:53:24.179102,7.637119,93.006605,15.7,121.5,Mumbai,Singapore,Underway,,
123456789,MV OCEAN STAR,Cargo,2025-12-13T10:24:24.179102,7.058579,93.657463,15.8,131.6,Mumbai,Singapore,Underway,,
123456789,MV OCEAN STAR,Cargo,2025-12-13T10:56:24.179102,6.68853,94.281483,11.6,120.7,Mumbai,Singapore,Underway,,
123456789,MV OCEAN STAR,Cargo,2025-12-13T11:28:24.179102,6.452536,95.023498,17.2,107.6,Mumbai,Singapore,Underway,,
123456789,MV OCEAN STAR,Cargo,2025-12-13T11:50:24.179102,5.998673,95.530277,14.3,131.8,Mumbai,Singapore,Underway,,
123456789,MV OCEAN STAR,Cargo,2025-12-13T12:28:24.179102,5.713202,96.310044,15.3,110.1,Mumbai,Singapore,Underway,,
123456789,MV OCEAN STAR,Cargo,2025-12-13T12:52:24.179102,5.334267,96.745702,17.9,131.0,Mumbai,Singapore,Underway,,
123456789,MV OCEAN STAR,Cargo,2025-12-13T13:21:24.179102,4.986257,97.280829,19.2,123.0,Mumbai,Singapore,Underway,,
123456789,MV OCEAN STAR,Cargo,2025-12-13T13:50:24.179102,4.537344,98.188036,16.0,116.3,Mumbai,Singapore,Underway,,
123456789,MV OCEAN STAR,Cargo,2025-12-13T14:24:24.179102,4.393503,98.834039,13.9,102.6,Mumbai,Singapore,Underway,,
123456789,MV OCEAN STAR,Cargo,2025-12-13T14:53:24.179102,3.950093,99.297024,12.4,133.8,Mumbai,Singapore,Underway,,
123456789,MV OCEAN STAR,Cargo,2025-12-13T15:28:24.179102,3.456721,100.044715,15.0,123.4,Mumbai,Singapore,Underway,,
123456789,MV OCEAN STAR,Cargo,2025-12-13T15:58:24.179102,3.15325,100.544359,13.6,121.3,Mumbai,Singapore,Underway,,
123456789,MV OCEAN STAR,Cargo,2025-12-13T16:29:24.179102,2.718357,101.429966,16.4,116.2,Mumbai,Singapore,Underway,,
123456789,MV OCEAN STAR,Cargo,2025-12-13T16:52:24.179102,2.399468,102.024431,18.1,118.2,Mumbai,Singapore,Underway,,
123456789,MV OCEAN STAR,Cargo,2025-12-13T17:24:24.179102,1.87523,102.506776,15.8,137.4,Mumbai,Singapore,Underway,,
123456789,MV OCEAN STAR,Cargo,2025-12-13T17:51:24.179102,1.814072,103.309558,17.0,94.4,Mumbai,Singapore,Underway,,
123456789,MV OCEAN STAR,Cargo,2025-12-13T18:28:24.179102,1.335287,103.837133,15.4,132.2,Mumbai,Singapore,Underway,,
234567890,ARABIAN PEARL,Tanker,2025-12-12T23:57:24.179102,25.224936,55.28945,14.3,0.0,Dubai,Chennai,Underway,,
234567890,ARABIAN PEARL,Tanker,2025-12-13T00:27:24.179102,25.024788,55.82706,12.2,110.4,Dubai,Chennai,Underway,,
234567890,ARABIAN PEARL,Tanker,2025-12-13T00:57:24.179102,24.723263,56.379264,13.2,118.6,Dubai,Chennai,Underway,,
234567890,ARABIAN PEARL,Tanker,2025-12-13T01:23:24.179102,24.530616,56.794706,14.0,114.9,Dubai,Chennai,Underway,,
234567890,ARABIAN PEARL,Tanker,2025-12-13T01:54:24.179102,24.192939,57.241934,12.9,127.1,Dubai,Chennai,Underway,,
234567890,ARABIAN PEARL,Tanker,2025-12-13T02:26:24.179102,23.956899,57.768418,13.7,114.1,Dubai,Chennai,Underway,,
234567890,ARABIAN PEARL,Tanker,2025-12-13T02:51:24.179102,23.699808,58.371857,17.1,113.1,Dubai,Chennai,Underway,,
234567890,ARABIAN PEARL,Tanker,2025-12-13T03:25:24.179102,23.623213,58.779759,9.2,100.6,Dubai,Chennai,Underway,,
234567890,ARABIAN PEARL,Tanker,2025-12-13T03:57:24.179102,23.26629,59.29294,14.5,124.8,Dubai,Chennai,Underway,,
234567890,ARABIAN PEARL,Tanker,2025-12-13T04:27:24.179102,22.969094,59.804494,14.0,120.2,Dubai,Chennai,Underway,,
234567890,ARABIAN PEARL,Tanker,2025-12-13T04:59:24.179102,22.865857,60.355621,13.3,100.6,Dubai,Chennai,Underway,,
234567890,ARABIAN PEARL,Tanker,2025-12-13T05:29:24.179102,22.359695,60.955815,15.1,130.1,Dubai,Chennai,Underway,,
234567890,ARABIAN PEARL,Tanker,2025-12-13T05:55:24.179102,22.310342,61.588673,18.6,94.5,Dubai,Chennai,Underway,,
234567890,ARABIAN PEARL,Tanker,2025-12-13T06:27:24.179102,21.927291,62.074973,11.5,128.2,Dubai,Chennai,Underway,,
234567890,ARABIAN PEARL,Tanker,2025-12-13T06:57:24.179102,21.588947,62.323017,15.3,143.8,Dubai,Chennai,Underway,,
234567890,ARABIAN PEARL,Tanker,2025-12-13T07:22:24.179102,21.411543,63.063515,13.5,103.5,Dubai,Chennai,Underway,,
234567890,ARABIAN PEARL,Tanker,2025-12-13T07:56:24.179102,21.321343,63.406586,13.4,104.7,Dubai,Chennai,Underway,,
234567890,ARABIAN PEARL,Tanker,2025-12-13T08:20:24.179102,20.911663,63.844614,15.7,133.1,Dubai,Chennai,Underway,,
234567890,ARABIAN PEARL,Tanker,2025-12-13T08:54:24.179102,20.715919,64.558787,15.5,105.3,Dubai,Chennai,Underway,,
234567890,ARABIAN PEARL,Tanker,2025-12-13T09:29:24.179102,20.422109,64.901826,18.1,130.6,Dubai,Chennai,Underway,,
234567890,ARABIAN PEARL,Tanker,2025-12-13T09:51:24.179102,20.020097,65.499766,9.8,123.9,Dubai,Chennai,Underway,,
234567890,ARABIAN PEARL,Tanker,2025-12-13T10:28:24.179102,20.042262,65.964738,12.2,87.3,Dubai,Chennai,Underway,,
234567890,ARABIAN PEARL,Tanker,2025-12-13T10:50:24.179102,19.728609,66.386952,11.8,126.6,Dubai,Chennai,Underway,,
234567890,ARABIAN PEARL,Tanker,2025-12-13T11:29:24.179102,19.3037,66.893633,11.6,130.0,Dubai,Chennai,Underway,,
234567890,ARABIAN PEARL,Tanker,2025-12-13T11:56:24.179102,19.372443,67.614022,13.1,84.5,Dubai,Chennai,Underway,,
234567890,ARABIAN PEARL,Tanker,2025-12-13T12:27:24.179102,19.109162,67.927283,14.5,130.0,Dubai,Chennai,Underway,,
234567890,ARABIAN PEARL,Tanker,2025-12-13T12:56:24.179102,18.823748,68.584488,13.1,113.5,Dubai,Chennai,Underway,,
234567890,ARABIAN PEARL,Tanker,2025-12-13T13:20:24.179102,18.48789,69.108535,13.1,122.7,Dubai,Chennai,Underway,,
234567890,ARABIAN PEARL,Tanker,2025-12-13T13:50:24.179102,18.350342,69.501629,17.9,109.3,Dubai,Chennai,Underway,,
234567890,ARABIAN PEARL,Tanker,2025-12-13T14:29:24.179102,17.936166,70.0196,15.9,128.6,Dubai,Chennai,Underway,,
234567890,ARABIAN PEARL,Tanker,2025-12-13T14:59:24.179102,17.668699,70.671252,18.9,112.3,Dubai,Chennai,Underway,,
234567890,ARABIAN PEARL,Tanker,2025-12-13T15:20:24.179102,17.538484,71.120789,14.9,106.2,Dubai,Chennai,Underway,,
234567890,ARABIAN PEARL,Tanker,2025-12-13T15:53:24.179102,17.27649,71.463037,14.2,127.4,Dubai,Chennai,Underway,,
234567890,ARABIAN PEARL,Tanker,2025-12-13T16:26:24.179102,16.938962,72.145321,17.4,116.3,Dubai,Chennai,Underway,,
234567890,ARABIAN PEARL,Tanker,2025-12-13T16:55:24.179102,16.752924,72.495275,16.3,118.0,Dubai,Chennai,Underway,,
234567890,ARABIAN PEARL,Tanker,2025-12-13T17:23:24.179102,16.592333,73.163257,14.3,103.5,Dubai,Chennai,Underway,,
234567890,ARABIAN PEARL,Tanker,2025-12-13T17:59:24.179102,16.414105,73.617838,13.5,111.4,Dubai,Chennai,Underway,,
234567890,ARABIAN PEARL,Tanker,2025-12-13T18:27:24.179102,15.937789,74.29272,12.9,125.2,Dubai,Chennai,Underway,,
234567890,ARABIAN PEARL,Tanker,2025-12-13T18:57:24.179102,15.742478,74.625903,15.4,120.4,Dubai,Chennai,Underway,,
234567890,ARABIAN PEARL,Tanker,2025-12-13T19:26:24.179102,15.490429,75.079012,15.0,119.1,Dubai,Chennai,Underway,,
234567890,ARABIAN PEARL,Tanker,2025-12-13T19:52:24.179102,15.204881,75.632341,15.5,117.3,Dubai,Chennai,Underway,,
234567890,ARABIAN PEARL,Tanker,2025-12-13T20:28:24.179102,15.081665,75.999185,16.3,108.6,Dubai,Chennai,Underway,,
234567890,ARABIAN PEARL,Tanker,2025-12-13T20:59:24.179102,14.623028,76.588491,15.0,127.9,Dubai,Chennai,Underway,,
234567890,ARABIAN PEARL,Tanker,2025-12-13T21:28:24.179102,14.528895,77.195732,9.3,98.8,Dubai,Chennai,Underway,,
234567890,ARABIAN PEARL,Tanker,2025-12-13T21:53:24.179102,14.406888,77.702794,17.5,103.5,Dubai,Chennai,Underway,,
234567890,ARABIAN PEARL,Tanker,2025-12-13T22:25:24.179102,14.055931,78.270387,13.2,121.7,Dubai,Chennai,Underway,,
234567890,ARABIAN PEARL,Tanker,2025-12-13T22:58:24.179102,13.770371,78.664124,15.7,126.0,Dubai,Chennai,Underway,,
234567890,ARABIAN PEARL,Tanker,2025-12-13T23:23:24.179102,13.79518,79.243249,11.8,87.5,Dubai,Chennai,Underway,,
234567890,ARABIAN PEARL,Tanker,2025-12-13T23:58:24.179102,13.275629,79.760399,16.0,135.1,Dubai,Chennai,Underway,,
234567890,ARABIAN PEARL,Tanker,2025-12-14T00:26:24.179102,13.147755,80.113077,18.5,109.9,Dubai,Chennai,Underway,,
345678901,INDIAN PRIDE,Container,2025-12-13T05:53:24.179102,23.155985,70.184978,15.2,0.0,Kandla,Colombo,Underway,,
345678901,INDIAN PRIDE,Container,2025-12-13T06:20:24.179102,22.719917,70.411915,14.8,152.5,Kandla,Colombo,Underway,,
345678901,INDIAN PRIDE,Container,2025-12-13T06:57:24.179102,22.329117,70.662894,12.9,147.3,Kandla,Colombo,Underway,,
345678901,INDIAN PRIDE,Container,2025-12-13T07:23:24.179102,21.903248,70.770099,12.9,165.9,Kandla,Colombo,Underway,,
345678901,INDIAN PRIDE,Container,2025-12-13T07:57:24.179102,21.64511,71.136674,16.1,125.2,Kandla,Colombo,Underway,,
345678901,INDIAN PRIDE,Container,2025-12-13T08:20:24.179102,21.283884,71.175109,14.1,173.9,Kandla,Colombo,Underway,,
345678901,INDIAN PRIDE,Container,2025-12-13T08:51:24.179102,21.038886,71.441493,13.8,132.6,Kandla,Colombo,Underway,,
345678901,INDIAN PRIDE,Container,2025-12-13T09:20:24.179102,20.836993,71.520321,12.4,158.7,Kandla,Colombo,Underway,,
345678901,INDIAN PRIDE,Container,2025-12-13T09:58:24.179102,20.48841,71.673442,12.7,156.3,Kandla,Colombo,Underway,,
345678901,INDIAN PRIDE,Container,2025-12-13T10:26:24.179102,20.142545,71.936666,16.4,142.7,Kandla,Colombo,Underway,,
345678901,INDIAN PRIDE,Container,2025-12-13T10:57:24.179102,19.68131,72.09451,14.7,161.1,Kandla,Colombo,Underway,,
345678901,INDIAN PRIDE,Container,2025-12-13T11:21:24.179102,19.555502,72.474672,13.6,108.3,Kandla,Colombo,Underway,,
345678901,INDIAN PRIDE,Container,2025-12-13T11:56:24.179102,18.989117,72.59187,16.4,168.3,Kandla,Colombo,Underway,,
345678901,INDIAN PRIDE,Container,2025-12-13T12:20:24.179102,18.932987,72.678761,16.1,122.9,Kandla,Colombo,Underway,,
345678901,INDIAN PRIDE,Container,2025-12-13T12:57:24.179102,18.327318,72.879312,12.8,161.7,Kandla,Colombo,Underway,,
345678901,INDIAN PRIDE,Container,2025-12-13T13:21:24.179102,17.968818,73.075541,15.2,151.3,Kandla,Colombo,Underway,,
345678901,INDIAN PRIDE,Container,2025-12-13T13:51:24.179102,17.852427,73.388314,15.3,110.4,Kandla,Colombo,Underway,,
345678901,INDIAN PRIDE,Container,2025-12-13T14:25:24.179102,17.287389,73.44772,16.3,174.0,Kandla,Colombo,Underway,,
345678901,INDIAN PRIDE,Container,2025-12-13T14:54:24.179102,17.239036,73.892807,15.9,96.2,Kandla,Colombo,Underway,,
345678901,INDIAN PRIDE,Container,2025-12-13T15:28:24.179102,16.689221,74.26964,14.4,145.6,Kandla,Colombo,Underway,,
345678901,INDIAN PRIDE,Container,2025-12-13T15:57:24.179102,16.287332,74.15568,11.1,195.8,Kandla,Colombo,Underway,,
345678901,INDIAN PRIDE,Container,2025-12-13T16:20:24.179102,16.059129,74.421956,14.9,130.6,Kandla,Colombo,Underway,,
345678901,INDIAN PRIDE,Container,2025-12-13T16:56:24.179102,15.903637,74.666491,17.3,122.5,Kandla,Colombo,Underway,,
345678901,INDIAN PRIDE,Container,2025-12-13T17:22:24.179102,15.360891,74.814311,16.9,164.8,Kandla,Colombo,Underway,,
345678901,INDIAN PRIDE,Container,2025-12-13T17:58:24.179102,15.236699,74.882234,16.7,151.3,Kandla,Colombo,Underway,,
345678901,INDIAN PRIDE,Container,2025-12-13T18:25:24.179102,14.833554,75.123917,17.0,149.1,Kandla,Colombo,Underway,,
345678901,INDIAN PRIDE,Container,2025-12-13T18:53:24.179102,14.434761,75.076597,16.3,186.8,Kandla,Colombo,Underway,,
345678901,INDIAN PRIDE,Container,2025-12-13T19:21:24.179102,14.221447,75.347415,10.9,128.2,Kandla,Colombo,Underway,,
345678901,INDIAN PRIDE,Container,2025-12-13T19:50:24.179102,13.843658,75.861969,14.4,126.3,Kandla,Colombo,Underway,,
345678901,INDIAN PRIDE,Container,2025-12-13T20:20:24.179102,13.49431,75.77528,16.8,193.9,Kandla,Colombo,Underway,,
345678901,INDIAN PRIDE,Container,2025-12-13T20:56:24.179102,13.252265,76.156407,18.4,122.4,Kandla,Colombo,Underway,,
345678901,INDIAN PRIDE,Container,2025-12-13T21:22:24.179102,12.895655,76.34048,17.8,152.7,Kandla,Colombo,Underway,,
345678901,INDIAN PRIDE,Container,2025-12-13T21:55:24.179102,12.572852,76.709788,14.6,131.2,Kandla,Colombo,Underway,,
345678901,INDIAN PRIDE,Container,2025-12-13T22:28:24.179102,12.268433,76.664932,11.7,188.4,Kandla,Colombo,Underway,,
345678901,INDIAN PRIDE,Container,2025-12-13T22:59:24.179102,12.012498,76.856431,13.4,143.2,Kandla,Colombo,Underway,,
345678901,INDIAN PRIDE,Container,2025-12-13T23:25:24.179102,11.61559,77.189027,18.1,140.0,Kandla,Colombo,Underway,,
345678901,INDIAN PRIDE,Container,2025-12-13T23:56:24.179102,11.134596,77.296679,14.8,167.4,Kandla,Colombo,Underway,,
345678901,INDIAN PRIDE,Container,2025-12-14T00:21:24.179102,10.960692,77.527285,16.8,127.0,Kandla,Colombo,Underway,,
345678901,INDIAN PRIDE,Container,2025-12-14T00:53:24.179102,10.501687,77.62286,15.9,168.2,Kandla,Colombo,Underway,,
345678901,INDIAN PRIDE,Container,2025-12-14T01:27:24.179102,10.207477,78.026252,17.3,126.1,Kandla,Colombo,Underway,,
345678901,INDIAN PRIDE,Container,2025-12-14T01:58:24.179102,9.870574,77.960974,17.2,191.0,Kandla,Colombo,Underway,,
345678901,INDIAN PRIDE,Container,2025-12-14T02:23:24.179102,9.510866,78.453665,14.7,126.1,Kandla,Colombo,Underway,,
345678901,INDIAN PRIDE,Container,2025-12-14T02:59:24.179102,9.152264,78.480924,15.9,175.7,Kandla,Colombo,Underway,,
345678901,INDIAN PRIDE,Container,2025-12-14T03:25:24.179102,8.942094,78.748162,13.4,128.2,Kandla,Colombo,Underway,,
345678901,INDIAN PRIDE,Container,2025-12-14T03:57:24.179102,8.572002,78.748925,16.5,179.9,Kandla,Colombo,Underway,,
345678901,INDIAN PRIDE,Container,2025-12-14T04:23:24.179102,8.269817,78.99478,16.8,140.9,Kandla,Colombo,Underway,,
345678901,INDIAN PRIDE,Container,2025-12-14T04:57:24.179102,7.895805,79.463957,17.3,128.6,Kandla,Colombo,Underway,,
345678901,INDIAN PRIDE,Container,2025-12-14T05:23:24.179102,7.627085,79.284026,16.8,213.8,Kandla,Colombo,Underway,,
345678901,INDIAN PRIDE,Container,2025-12-14T05:51:24.179102,7.358777,79.706314,15.9,122.4,Kandla,Colombo,Underway,,
345678901,INDIAN PRIDE,Container,2025-12-14T06:22:24.179102,7.067939,79.945194,15.6,140.6,Kandla,Colombo,Underway,,
456789012,SEA VOYAGER,Cargo,2025-12-13T11:57:24.179102,17.842175,83.241423,13.1,0.0,Visakhapatnam,Dubai,Underway,,
456789012,SEA VOYAGER,Cargo,2025-12-13T12:27:24.179102,17.844978,82.657394,15.5,270.3,Visakhapatnam,Dubai,Underway,,
456789012,SEA VOYAGER,Cargo,2025-12-13T12:55:24.179102,18.055566,82.083372,13.5,290.1,Visakhapatnam,Dubai,Underway,,
456789012,SEA VOYAGER,Cargo,2025-12-13T13:29:24.179102,18.281067,81.558098,13.4,293.2,Visakhapatnam,Dubai,Underway,,
456789012,SEA VOYAGER,Cargo,2025-12-13T13:54:24.179102,18.168794,80.913685,13.8,260.1,Visakhapatnam,Dubai,Underway,,
456789012,SEA VOYAGER,Cargo,2025-12-13T14:23:24.179102,18.411985,80.349581,15.2,293.3,Visakhapatnam,Dubai,Underway,,
456789012,SEA VOYAGER,Cargo,2025-12-13T14:51:24.179102,18.565148,79.772023,12.6,284.9,Visakhapatnam,Dubai,Underway,,
456789012,SEA VOYAGER,Cargo,2025-12-13T15:21:24.179102,18.714211,79.333786,13.1,288.8,Visakhapatnam,Dubai,Underway,,
456789012,SEA VOYAGER,Cargo,2025-12-13T15:58:24.179102,19.052897,78.730731,10.2,299.3,Visakhapatnam,Dubai,Underway,,
456789012,SEA VOYAGER,Cargo,2025-12-13T16:25:24.179102,18.935048,78.23878,13.7,256.5,Visakhapatnam,Dubai,Underway,,
456789012,SEA VOYAGER,Cargo,2025-12-13T16:51:24.179102,19.294869,77.636636,12.9,300.9,Visakhapatnam,Dubai,Underway,,
456789012,SEA VOYAGER,Cargo,2025-12-13T17:22:24.179102,19.290187,76.877209,12.4,269.6,Visakhapatnam,Dubai,Underway,,
456789012,SEA VOYAGER,Cargo,2025-12-13T17:59:24.179102,19.386132,76.452333,15.8,282.7,Visakhapatnam,Dubai,Underway,,
456789012,SEA VOYAGER,Cargo,2025-12-13T18:22:24.179102,19.842344,75.931421,7.9,311.2,Visakhapatnam,Dubai,Underway,,
456789012,SEA VOYAGER,Cargo,2025-12-13T18:54:24.179102,19.871022,75.15649,14.7,272.1,Visakhapatnam,Dubai,Underway,,
456789012,SEA VOYAGER,Cargo,2025-12-13T19:24:24.179102,19.859257,74.506967,12.2,269.0,Visakhapatnam,Dubai,Underway,,
456789012,SEA VOYAGER,Cargo,2025-12-13T19:54:24.179102,20.10363,74.006579,14.9,296.0,Visakhapatnam,Dubai,Underway,,
456789012,SEA VOYAGER,Cargo,2025-12-13T20:28:24.179102,20.253176,73.427151,12.7,284.5,Visakhapatnam,Dubai,Underway,,
456789012,SEA VOYAGER,Cargo,2025-12-13T20:50:24.179102,20.344436,72.945651,12.2,280.7,Visakhapatnam,Dubai,Underway,,
456789012,SEA VOYAGER,Cargo,2025-12-13T21:28:24.179102,20.521429,72.31348,14.3,285.6,Visakhapatnam,Dubai,Underway,,
456789012,SEA VOYAGER,Cargo,2025-12-13T21:56:24.179102,20.779205,71.97695,8.9,307.5,Visakhapatnam,Dubai,Underway,,
456789012,SEA VOYAGER,Cargo,2025-12-13T22:20:24.179102,20.989051,71.228643,12.7,285.7,Visakhapatnam,Dubai,Underway,,
456789012,SEA VOYAGER,Cargo,2025-12-13T22:56:24.179102,21.02861,70.529404,13.2,273.2,Visakhapatnam,Dubai,Underway,,
456789012,SEA VOYAGER,Cargo,2025-12-13T23:24:24.179102,21.286267,69.992756,13.0,295.6,Visakhapatnam,Dubai,Underway,,
456789012,SEA VOYAGER,Cargo,2025-12-13T23:59:24.179102,21.610211,69.632323,10.2,311.9,Visakhapatnam,Dubai,Underway,,
456789012,SEA VOYAGER,Cargo,2025-12-14T00:23:24.179102,21.526342,69.04022,11.4,261.9,Visakhapatnam,Dubai,Underway,,
456789012,SEA VOYAGER,Cargo,2025-12-14T00:52:24.179102,21.656871,68.49026,15.4,283.4,Visakhapatnam,Dubai,Underway,,
456789012,SEA VOYAGER,Cargo,2025-12-14T01:25:24.179102,21.869045,67.979716,14.0,292.6,Visakhapatnam,Dubai,Underway,,
456789012,SEA VOYAGER,Cargo,2025-12-14T01:56:24.179102,22.030745,67.256458,13.6,282.6,Visakhapatnam,Dubai,Underway,,
456789012,SEA VOYAGER,Cargo,2025-12-14T02:25:24.179102,22.345794,66.715702,15.1,300.2,Visakhapatnam,Dubai,Underway,,
456789012,SEA VOYAGER,Cargo,2025-12-14T02:50:24.179102,22.043788,65.98889,11.2,247.4,Visakhapatnam,Dubai,Underway,,
456789012,SEA VOYAGER,Cargo,2025-12-14T03:24:24.179102,22.652647,65.516707,9.3,322.2,Visakhapatnam,Dubai,Underway,,
456789012,SEA VOYAGER,Cargo,2025-12-14T03:58:24.179102,22.616041,64.976189,12.4,266.1,Visakhapatnam,Dubai,Underway,,
456789012,SEA VOYAGER,Cargo,2025-12-14T04:22:24.179102,22.721268,64.260352,11.5,278.4,Visakhapatnam,Dubai,Underway,,
456789012,SEA VOYAGER,Cargo,2025-12-14T04:54:24.179102,22.847592,63.920314,12.0,290.4,Visakhapatnam,Dubai,Underway,,
456789012,SEA VOYAGER,Cargo,2025-12-14T05:20:24.179102,22.903441,63.255557,12.8,274.8,Visakhapatnam,Dubai,Underway,,
456789012,SEA VOYAGER,Cargo,2025-12-14T05:52:24.179102,23.189116,62.723368,8.8,298.2,Visakhapatnam,Dubai,Underway,,
456789012,SEA VOYAGER,Cargo,2025-12-14T06:23:24.179102,23.297334,62.054611,14.7,279.2,Visakhapatnam,Dubai,Underway,,
456789012,SEA VOYAGER,Cargo,2025-12-14T06:57:24.179102,23.567874,61.475013,11.6,295.0,Visakhapatnam,Dubai,Underway,,
456789012,SEA VOYAGER,Cargo,2025-12-14T07:21:24.179102,23.611646,60.862071,13.1,274.1,Visakhapatnam,Dubai,Underway,,
456789012,SEA VOYAGER,Cargo,2025-12-14T07:58:24.179102,23.808472,60.401644,12.0,293.1,Visakhapatnam,Dubai,Underway,,
456789012,SEA VOYAGER,Cargo,2025-12-14T08:20:24.179102,24.179563,59.718612,10.8,298.5,Visakhapatnam,Dubai,Underway,,
456789012,SEA VOYAGER,Cargo,2025-12-14T08:54:24.179102,24.185548,59.377416,12.6,271.0,Visakhapatnam,Dubai,Underway,,
456789012,SEA VOYAGER,Cargo,2025-12-14T09:23:24.179102,24.325889,58.761348,12.2,282.8,Visakhapatnam,Dubai,Underway,,
456789012,SEA VOYAGER,Cargo,2025-12-14T09:56:24.179102,24.448712,57.938546,12.1,278.5,Visakhapatnam,Dubai,Underway,,
456789012,SEA VOYAGER,Cargo,2025-12-14T10:24:24.179102,24.645782,57.799478,12.6,324.8,Visakhapatnam,Dubai,Underway,,
456789012,SEA VOYAGER,Cargo,2025-12-14T10:57:24.179102,24.71849,56.867181,12.9,274.5,Visakhapatnam,Dubai,Underway,,
456789012,SEA VOYAGER,Cargo,2025-12-14T11:28:24.179102,24.847249,56.343663,12.1,283.8,Visakhapatnam,Dubai,Underway,,
456789012,SEA VOYAGER,Cargo,2025-12-14T11:58:24.179102,25.043793,55.930725,12.2,295.5,Visakhapatnam,Dubai,Underway,,
456789012,SEA VOYAGER,Cargo,2025-12-14T12:24:24.179102,25.223613,55.431318,10.5,289.8,Visakhapatnam,Dubai,Underway,,
567890123,COASTAL QUEEN,Passenger,2025-12-13T17:59:24.179102,9.891073,76.346712,18.7,0.0,Kochi,Mumbai,Underway,,
567890123,COASTAL QUEEN,Passenger,2025-12-13T18:22:24.179102,10.305334,76.190939,14.8,339.4,Kochi,Mumbai,Underway,,
567890123,COASTAL QUEEN,Passenger,2025-12-13T18:54:24.179102,10.316391,76.110032,18.6,277.8,Kochi,Mumbai,Underway,,
567890123,COASTAL QUEEN,Passenger,2025-12-13T19:24:24.179102,10.608638,75.982313,16.8,336.4,Kochi,Mumbai,Underway,,
567890123,COASTAL QUEEN,Passenger,2025-12-13T19:58:24.179102,10.610305,75.951356,18.6,273.1,Kochi,Mumbai,Underway,,
567890123,COASTAL QUEEN,Passenger,2025-12-13T20:26:24.179102,10.833861,76.123295,16.5,37.6,Kochi,Mumbai,Underway,,
567890123,COASTAL QUEEN,Passenger,2025-12-13T20:50:24.179102,10.892655,75.898221,18.6,284.6,Kochi,Mumbai,Underway,,
567890123,COASTAL QUEEN,Passenger,2025-12-13T21:24:24.179102,11.185908,75.607875,16.4,315.3,Kochi,Mumbai,Underway,,
567890123,COASTAL QUEEN,Passenger,2025-12-13T21:52:24.179102,11.298783,75.725494,15.4,46.2,Kochi,Mumbai,Underway,,
567890123,COASTAL QUEEN,Passenger,2025-12-13T22:23:24.179102,11.612086,75.656499,14.2,347.6,Kochi,Mumbai,Underway,,
567890123,COASTAL QUEEN,Passenger,2025-12-13T22:52:24.179102,11.573198,75.520537,14.5,254.0,Kochi,Mumbai,Underway,,
567890123,COASTAL QUEEN,Passenger,2025-12-13T23:21:24.179102,11.91075,75.452725,16.0,348.6,Kochi,Mumbai,Underway,,
567890123,COASTAL QUEEN,Passenger,2025-12-13T23:51:24.179102,12.097517,75.364608,21.7,334.7,Kochi,Mumbai,Underway,,
567890123,COASTAL QUEEN,Passenger,2025-12-14T00:22:24.179102,12.157519,75.434915,16.0,49.5,Kochi,Mumbai,Underway,,
567890123,COASTAL QUEEN,Passenger,2025-12-14T00:57:24.179102,12.518743,75.482677,17.6,7.5,Kochi,Mumbai,Underway,,
567890123,COASTAL QUEEN,Passenger,2025-12-14T01:22:24.179102,12.552192,75.215732,17.8,277.1,Kochi,Mumbai,Underway,,
567890123,COASTAL QUEEN,Passenger,2025-12-14T01:58:24.179102,12.891796,75.289988,21.3,12.3,Kochi,Mumbai,Underway,,
567890123,COASTAL QUEEN,Passenger,2025-12-14T02:20:24.179102,13.106439,74.987504,18.9,305.4,Kochi,Mumbai,Underway,,
567890123,COASTAL QUEEN,Passenger,2025-12-14T02:59:24.179102,13.344365,75.054108,17.9,15.6,Kochi,Mumbai,Underway,,
567890123,COASTAL QUEEN,Passenger,2025-12-14T03:25:24.179102,13.606379,74.909148,18.4,331.0,Kochi,Mumbai,Underway,,
567890123,COASTAL QUEEN,Passenger,2025-12-14T03:57:24.179102,13.608812,74.771563,21.2,271.0,Kochi,Mumbai,Underway,,
567890123,COASTAL QUEEN,Passenger,2025-12-14T04:28:24.179102,13.757237,74.874276,18.3,34.7,Kochi,Mumbai,Underway,,
567890123,COASTAL QUEEN,Passenger,2025-12-14T04:57:24.179102,13.817986,74.728674,18.9,292.6,Kochi,Mumbai,Underway,,
567890123,COASTAL QUEEN,Passenger,2025-12-14T05:21:24.179102,14.235565,74.656552,17.2,350.2,Kochi,Mumbai,Underway,,
567890123,COASTAL QUEEN,Passenger,2025-12-14T05:53:24.179102,14.278153,74.538012,18.1,289.8,Kochi,Mumbai,Underway,,
567890123,COASTAL QUEEN,Passenger,2025-12-14T06:25:24.179102,14.517182,74.495286,20.5,349.9,Kochi,Mumbai,Underway,,
567890123,COASTAL QUEEN,Passenger,2025-12-14T06:54:24.179102,14.656547,74.327184,17.6,309.7,Kochi,Mumbai,Underway,,
567890123,COASTAL QUEEN,Passenger,2025-12-14T07:28:24.179102,14.72317,74.556475,17.9,73.8,Kochi,Mumbai,Underway,,
567890123,COASTAL QUEEN,Passenger,2025-12-14T07:53:24.179102,15.115861,74.261412,18.3,323.1,Kochi,Mumbai,Underway,,
567890123,COASTAL QUEEN,Passenger,2025-12-14T08:25:24.179102,15.428941,74.250543,17.0,358.0,Kochi,Mumbai,Underway,,
567890123,COASTAL QUEEN,Passenger,2025-12-14T08:53:24.179102,15.393896,74.225113,15.2,216.0,Kochi,Mumbai,Underway,,
567890123,COASTAL QUEEN,Passenger,2025-12-14T09:23:24.179102,15.725504,74.06144,15.6,333.7,Kochi,Mumbai,Underway,,
567890123,COASTAL QUEEN,Passenger,2025-12-14T09:51:24.179102,15.848448,74.029014,15.1,345.2,Kochi,Mumbai,Underway,,
567890123,COASTAL QUEEN,Passenger,2025-12-14T10:25:24.179102,15.981118,73.889134,17.1,313.5,Kochi,Mumbai,Underway,,
567890123,COASTAL QUEEN,Passenger,2025-12-14T10:57:24.179102,16.128558,73.772321,19.1,321.6,Kochi,Mumbai,Underway,,
567890123,COASTAL QUEEN,Passenger,2025-12-14T11:28:24.179102,16.344072,74.000658,19.6,46.7,Kochi,Mumbai,Underway,,
567890123,COASTAL QUEEN,Passenger,2025-12-14T11:58:24.179102,16.700151,73.799678,19.9,330.6,Kochi,Mumbai,Underway,,
567890123,COASTAL QUEEN,Passenger,2025-12-14T12:22:24.179102,16.658846,73.706513,15.8,246.1,Kochi,Mumbai,Underway,,
567890123,COASTAL QUEEN,Passenger,2025-12-14T12:59:24.179102,16.84177,73.621956,19.1,335.2,Kochi,Mumbai,Underway,,
567890123,COASTAL QUEEN,Passenger,2025-12-14T13:27:24.179102,17.122783,73.444423,18.6,327.7,Kochi,Mumbai,Underway,,
567890123,COASTAL QUEEN,Passenger,2025-12-14T13:55:24.179102,17.196979,73.461311,19.5,12.8,Kochi,Mumbai,Underway,,
567890123,COASTAL QUEEN,Passenger,2025-12-14T14:26:24.179102,17.537035,73.290616,14.9,333.3,Kochi,Mumbai,Underway,,
567890123,COASTAL QUEEN,Passenger,2025-12-14T14:54:24.179102,17.619005,73.313591,17.8,15.7,Kochi,Mumbai,Underway,,
567890123,COASTAL QUEEN,Passenger,2025-12-14T15:25:24.179102,18.004708,73.385547,16.3,10.6,Kochi,Mumbai,Underway,,
567890123,COASTAL QUEEN,Passenger,2025-12-14T15:54:24.179102,17.9622,73.17096,20.3,258.8,Kochi,Mumbai,Underway,,
567890123,COASTAL QUEEN,Passenger,2025-12-14T16:25:24.179102,18.337023,72.911978,17.6,325.4,Kochi,Mumbai,Underway,,
567890123,COASTAL QUEEN,Passenger,2025-12-14T16:59:24.179102,18.522704,73.281363,20.8,63.3,Kochi,Mumbai,Underway,,
567890123,COASTAL QUEEN,Passenger,2025-12-14T17:24:24.179102,18.676918,72.899287,18.8,292.0,Kochi,Mumbai,Underway,,
567890123,COASTAL QUEEN,Passenger,2025-12-14T17:59:24.179102,18.738552,72.865686,17.7,331.4,Kochi,Mumbai,Underway,,
567890123,COASTAL QUEEN,Passenger,2025-12-14T18:21:24.179102,18.890613,72.793798,21.9,334.7,Kochi,Mumbai,Underway,,
678901234,BLUE HORIZON,Tanker,2025-12-13T23:57:24.179102,1.444627,103.837626,13.3,0.0,Singapore,Kandla,Underway,,
678901234,BLUE HORIZON,Tanker,2025-12-14T00:24:24.179102,1.703676,103.198695,15.5,292.1,Singapore,Kandla,Underway,,
678901234,BLUE HORIZON,Tanker,2025-12-14T00:56:24.179102,2.172475,102.534351,15.6,305.2,Singapore,Kandla,Underway,,
678901234,BLUE HORIZON,Tanker,2025-12-14T01:28:24.179102,2.62455,101.810003,16.7,302.0,Singapore,Kandla,Underway,,
678901234,BLUE HORIZON,Tanker,2025-12-14T01:50:24.179102,3.145366,100.976015,12.7,302.0,Singapore,Kandla,Underway,,
678901234,BLUE HORIZON,Tanker,2025-12-14T02:23:24.179102,3.494772,100.253406,15.2,295.8,Singapore,Kandla,Underway,,
678901234,BLUE HORIZON,Tanker,2025-12-14T02:57:24.179102,4.083266,99.747243,15.3,319.3,Singapore,Kandla,Underway,,
678901234,BLUE HORIZON,Tanker,2025-12-14T03:29:24.179102,4.402386,99.14643,15.3,298.0,Singapore,Kandla,Underway,,
678901234,BLUE HORIZON,Tanker,2025-12-14T03:59:24.179102,5.026283,98.318486,17.7,307.0,Singapore,Kandla,Underway,,
678901234,BLUE HORIZON,Tanker,2025-12-14T04:23:24.179102,5.29263,97.661179,15.5,292.1,Singapore,Kandla,Underway,,
678901234,BLUE HORIZON,Tanker,2025-12-14T04:51:24.179102,5.798609,96.98693,16.4,306.9,Singapore,Kandla,Underway,,
678901234,BLUE HORIZON,Tanker,2025-12-14T05:20:24.179102,6.259883,96.311952,18.9,304.3,Singapore,Kandla,Underway,,
678901234,BLUE HORIZON,Tanker,2025-12-14T05:52:24.179102,6.608889,95.681741,16.8,299.0,Singapore,Kandla,Underway,,
678901234,BLUE HORIZON,Tanker,2025-12-14T06:22:24.179102,7.131982,94.976153,17.1,306.6,Singapore,Kandla,Underway,,
678901234,BLUE HORIZON,Tanker,2025-12-14T06:56:24.179102,7.60082,94.251479,15.8,302.9,Singapore,Kandla,Underway,,
678901234,BLUE HORIZON,Tanker,2025-12-14T07:29:24.179102,8.011112,93.566896,14.5,300.9,Singapore,Kandla,Underway,,
678901234,BLUE HORIZON,Tanker,2025-12-14T07:54:24.179102,8.611147,92.853377,16.9,310.1,Singapore,Kandla,Underway,,
678901234,BLUE HORIZON,Tanker,2025-12-14T08:20:24.179102,8.98856,92.108739,18.2,296.9,Singapore,Kandla,Underway,,
678901234,BLUE HORIZON,Tanker,2025-12-14T08:55:24.179102,9.332643,91.412178,16.0,296.3,Singapore,Kandla,Underway,,
678901234,BLUE HORIZON,Tanker,2025-12-14T09:20:24.179102,9.510444,90.913073,18.8,289.6,Singapore,Kandla,Underway,,
678901234,BLUE HORIZON,Tanker,2025-12-14T09:53:24.179102,10.121265,90.266431,12.9,313.4,Singapore,Kandla,Underway,,
678901234,BLUE HORIZON,Tanker,2025-12-14T10:29:24.179102,10.552441,89.245086,17.7,292.9,Singapore,Kandla,Underway,,
678901234,BLUE HORIZON,Tanker,2025-12-14T10:55:24.179102,11.195566,88.798007,13.3,325.2,Singapore,Kandla,Underway,,
678901234,BLUE HORIZON,Tanker,2025-12-14T11:21:24.179102,11.614011,88.123053,14.1,301.8,Singapore,Kandla,Underway,,
678901234,BLUE HORIZON,Tanker,2025-12-14T11:50:24.179102,11.960838,87.43189,13.2,296.6,Singapore,Kandla,Underway,,
678901234,BLUE HORIZON,Tanker,2025-12-14T12:25:24.179102,12.535663,86.725009,18.7,309.1,Singapore,Kandla,Underway,,
678901234,BLUE HORIZON,Tanker,2025-12-14T12:58:24.179102,12.853965,86.0299,14.7,294.6,Singapore,Kandla,Underway,,
678901234,BLUE HORIZON,Tanker,2025-12-14T13:20:24.179102,13.340707,85.308622,14.6,304.0,Singapore,Kandla,Underway,,
678901234,BLUE HORIZON,Tanker,2025-12-14T13:54:24.179102,13.577853,84.409901,16.7,284.8,Singapore,Kandla,Underway,,
678901234,BLUE HORIZON,Tanker,2025-12-14T14:24:24.179102,14.098715,83.895825,18.2,315.4,Singapore,Kandla,Underway,,
678901234,BLUE HORIZON,Tanker,2025-12-14T14:55:24.179102,14.679013,83.21436,15.0,310.4,Singapore,Kandla,Underway,,
678901234,BLUE HORIZON,Tanker,2025-12-14T15:24:24.179102,15.080162,82.439424,15.9,297.4,Singapore,Kandla,Underway,,
678901234,BLUE HORIZON,Tanker,2025-12-14T15:53:24.179102,15.58301,81.957055,13.8,316.2,Singapore,Kandla,Underway,,
678901234,BLUE HORIZON,Tanker,2025-12-14T16:24:24.179102,16.173701,81.223858,15.8,308.9,Singapore,Kandla,Underway,,
678901234,BLUE HORIZON,Tanker,2025-12-14T16:59:24.179102,16.456143,80.444547,16.1,289.9,Singapore,Kandla,Underway,,
678901234,BLUE HORIZON,Tanker,2025-12-14T17:29:24.179102,16.856255,79.781184,16.5,301.1,Singapore,Kandla,Underway,,
678901234,BLUE HORIZON,Tanker,2025-12-14T17:58:24.179102,17.203112,79.126613,14.6,297.9,Singapore,Kandla,Underway,,
678901234,BLUE HORIZON,Tanker,2025-12-14T18:23:24.179102,17.519612,78.346325,17.7,292.1,Singapore,Kandla,Underway,,
678901234,BLUE HORIZON,Tanker,2025-12-14T18:55:24.179102,18.199253,77.773939,17.7,319.9,Singapore,Kandla,Underway,,
678901234,BLUE HORIZON,Tanker,2025-12-14T19:27:24.179102,18.57239,77.034341,14.6,296.8,Singapore,Kandla,Underway,,
678901234,BLUE HORIZON,Tanker,2025-12-14T19:55:24.179102,19.060576,76.414826,13.6,308.2,Singapore,Kandla,Underway,,
678901234,BLUE HORIZON,Tanker,2025-12-14T20:20:24.179102,19.554037,75.73538,13.6,306.0,Singapore,Kandla,Underway,,
678901234,BLUE HORIZON,Tanker,2025-12-14T20:50:24.179102,19.885526,74.852332,14.1,290.6,Singapore,Kandla,Underway,,
678901234,BLUE HORIZON,Tanker,2025-12-14T21:26:24.179102,20.353594,74.492813,14.4,322.5,Singapore,Kandla,Underway,,
678901234,BLUE HORIZON,Tanker,2025-12-14T21:55:24.179102,20.691661,73.591232,15.5,290.6,Singapore,Kandla,Underway,,
678901234,BLUE HORIZON,Tanker,2025-12-14T22:20:24.179102,21.204662,72.944595,14.6,308.4,Singapore,Kandla,Underway,,
678901234,BLUE HORIZON,Tanker,2025-12-14T22:56:24.179102,21.600894,72.221731,17.1,298.7,Singapore,Kandla,Underway,,
678901234,BLUE HORIZON,Tanker,2025-12-14T23:25:24.179102,22.060015,71.670284,16.5,309.8,Singapore,Kandla,Underway,,
678901234,BLUE HORIZON,Tanker,2025-12-14T23:58:24.179102,22.472039,70.889042,12.2,297.8,Singapore,Kandla,Underway,,
678901234,BLUE HORIZON,Tanker,2025-12-15T00:25:24.179102,22.905902,70.199422,16.0,302.2,Singapore,Kandla,Underway,,
789012345,SWIFT CARRIER,Container,2025-12-14T05:52:24.179102,13.090363,80.491619,19.6,0.0,Chennai,Singapore,Underway,,
789012345,SWIFT CARRIER,Container,2025-12-14T06:23:24.179102,12.990257,80.586304,16.2,136.6,Chennai,Singapore,Underway,,
789012345,SWIFT CARRIER,Container,2025-12-14T06:54:24.179102,12.549661,81.336366,17.2,120.4,Chennai,Singapore,Underway,,
789012345,SWIFT CARRIER,Container,2025-12-14T07:26:24.179102,12.36394,81.696718,21.4,117.3,Chennai,Singapore,Underway,,
789012345,SWIFT CARRIER,Container,2025-12-14T07:50:24.179102,12.195683,82.236346,15.9,107.3,Chennai,Singapore,Underway,,
789012345,SWIFT CARRIER,Container,2025-12-14T08:26:24.179102,11.929279,82.50363,17.7,134.9,Chennai,Singapore,Underway,,
789012345,SWIFT CARRIER,Container,2025-12-14T08:56:24.179102,11.758532,83.091454,16.2,106.2,Chennai,Singapore,Underway,,
789012345,SWIFT CARRIER,Container,2025-12-14T09:29:24.179102,11.35753,83.684258,14.3,124.1,Chennai,Singapore,Underway,,
789012345,SWIFT CARRIER,Container,2025-12-14T09:57:24.179102,11.230263,84.115417,16.5,106.4,Chennai,Singapore,Underway,,
789012345,SWIFT CARRIER,Container,2025-12-14T10:22:24.179102,10.907276,84.549042,15.8,126.7,Chennai,Singapore,Underway,,
789012345,SWIFT CARRIER,Container,2025-12-14T10:53:24.179102,10.849474,85.099815,21.7,96.0,Chennai,Singapore,Underway,,
789012345,SWIFT CARRIER,Container,2025-12-14T11:28:24.179102,10.548008,85.688811,14.9,117.1,Chennai,Singapore,Underway,,
789012345,SWIFT CARRIER,Container,2025-12-14T11:58:24.179102,10.200446,85.954512,17.2,142.6,Chennai,Singapore,Underway,,
789012345,SWIFT CARRIER,Container,2025-12-14T12:29:24.179102,10.140024,86.395171,16.7,97.8,Chennai,Singapore,Underway,,
789012345,SWIFT CARRIER,Container,2025-12-14T12:58:24.179102,9.83246,86.937763,21.8,119.5,Chennai,Singapore,Underway,,
789012345,SWIFT CARRIER,Container,2025-12-14T13:23:24.179102,9.441291,87.514178,17.5,124.2,Chennai,Singapore,Underway,,
789012345,SWIFT CARRIER,Container,2025-12-14T13:56:24.179102,9.234118,87.94144,15.0,115.9,Chennai,Singapore,Underway,,
789012345,SWIFT CARRIER,Container,2025-12-14T14:29:24.179102,9.008189,88.285895,15.6,123.3,Chennai,Singapore,Underway,,
789012345,SWIFT CARRIER,Container,2025-12-14T14:55:24.179102,8.870196,88.998425,16.3,101.0,Chennai,Singapore,Underway,,
789012345,SWIFT CARRIER,Container,2025-12-14T15:20:24.179102,8.655082,89.326034,17.1,123.3,Chennai,Singapore,Underway,,
789012345,SWIFT CARRIER,Container,2025-12-14T15:57:24.179102,8.450528,89.934667,17.4,108.6,Chennai,Singapore,Underway,,
789012345,SWIFT CARRIER,Container,2025-12-14T16:21:24.179102,8.125301,90.407285,14.4,124.5,Chennai,Singapore,Underway,,
789012345,SWIFT CARRIER,Container,2025-12-14T16:57:24.179102,7.776592,90.921821,16.1,124.1,Chennai,Singapore,Underway,,
789012345,SWIFT CARRIER,Container,2025-12-14T17:26:24.179102,7.59318,91.316611,16.5,114.9,Chennai,Singapore,Underway,,
789012345,SWIFT CARRIER,Container,2025-12-14T17:51:24.179102,7.303993,91.831338,15.8,119.3,Chennai,Singapore,Underway,,
789012345,SWIFT CARRIER,Container,2025-12-14T18:26:24.179102,7.058124,92.299251,14.8,117.7,Chennai,Singapore,Underway,,
789012345,SWIFT CARRIER,Container,2025-12-14T18:50:24.179102,6.92644,92.763657,16.1,105.8,Chennai,Singapore,Underway,,
789012345,SWIFT CARRIER,Container,2025-12-14T19:26:24.179102,6.640064,93.145345,15.0,126.9,Chennai,Singapore,Underway,,
789012345,SWIFT CARRIER,Container,2025-12-14T19:55:24.179102,6.425645,93.765517,15.7,109.1,Chennai,Singapore,Underway,,
789012345,SWIFT CARRIER,Container,2025-12-14T20:22:24.179102,6.083295,94.211018,15.4,127.5,Chennai,Singapore,Underway,,
789012345,SWIFT CARRIER,Container,2025-12-14T20:51:24.179102,5.753555,94.539248,19.0,135.1,Chennai,Singapore,Underway,,
789012345,SWIFT CARRIER,Container,2025-12-14T21:25:24.179102,5.807299,95.150514,19.5,85.0,Chennai,Singapore,Underway,,
789012345,SWIFT CARRIER,Container,2025-12-14T21:55:24.179102,5.59025,95.51538,17.0,120.7,Chennai,Singapore,Underway,,
789012345,SWIFT CARRIER,Container,2025-12-14T22:24:24.179102,5.070207,96.093992,16.2,131.9,Chennai,Singapore,Underway,,
789012345,SWIFT CARRIER,Container,2025-12-14T22:51:24.179102,4.975244,96.722202,19.3,98.6,Chennai,Singapore,Underway,,
789012345,SWIFT CARRIER,Container,2025-12-14T23:23:24.179102,4.829026,97.046941,12.4,114.2,Chennai,Singapore,Underway,,
789012345,SWIFT CARRIER,Container,2025-12-14T23:58:24.179102,4.317014,97.634827,16.0,131.1,Chennai,Singapore,Underway,,
789012345,SWIFT CARRIER,Container,2025-12-15T00:22:24.179102,4.110844,97.955365,17.6,122.7,Chennai,Singapore,Underway,,
789012345,SWIFT CARRIER,Container,2025-12-15T00:54:24.179102,3.978955,98.443931,17.6,105.1,Chennai,Singapore,Underway,,
789012345,SWIFT CARRIER,Container,2025-12-15T01:26:24.179102,3.661546,98.999975,15.5,119.7,Chennai,Singapore,Underway,,
789012345,SWIFT CARRIER,Container,2025-12-15T01:51:24.179102,3.50216,99.54034,17.3,106.4,Chennai,Singapore,Underway,,
789012345,SWIFT CARRIER,Container,2025-12-15T02:29:24.179102,3.251321,99.934477,17.9,122.5,Chennai,Singapore,Underway,,
789012345,SWIFT CARRIER,Container,2025-12-15T02:59:24.179102,2.925733,100.535694,15.2,118.4,Chennai,Singapore,Underway,,
789012345,SWIFT CARRIER,Container,2025-12-15T03:21:24.179102,2.926377,101.059361,18.7,89.9,Chennai,Singapore,Underway,,
789012345,SWIFT CARRIER,Container,2025-12-15T03:57:24.179102,2.38082,101.369411,17.2,150.4,Chennai,Singapore,Underway,,
789012345,SWIFT CARRIER,Container,2025-12-15T04:28:24.179102,2.214926,102.007645,19.9,104.6,Chennai,Singapore,Underway,,
789012345,SWIFT CARRIER,Container,2025-12-15T04:58:24.179102,2.022966,102.267031,13.0,126.5,Chennai,Singapore,Underway,,
789012345,SWIFT CARRIER,Container,2025-12-15T05:22:24.179102,1.85779,102.816307,18.6,106.7,Chennai,Singapore,Underway,,
789012345,SWIFT CARRIER,Container,2025-12-15T05:55:24.179102,1.534013,103.36573,18.5,120.5,Chennai,Singapore,Underway,,
789012345,SWIFT CARRIER,Container,2025-12-15T06:26:24.179102,1.312612,103.851372,18.1,114.5,Chennai,Singapore,Underway,,
890123456,HARBOR MASTER,Cargo,2025-12-14T11:58:24.179102,6.993281,79.701957,12.7,0.0,Colombo,Visakhapatnam,Underway,,
890123456,HARBOR MASTER,Cargo,2025-12-14T12:25:24.179102,7.187926,79.820407,14.6,31.3,Colombo,Visakhapatnam,Underway,,
890123456,HARBOR MASTER,Cargo,2025-12-14T12:58:24.179102,7.235013,79.910576,8.5,62.4,Colombo,Visakhapatnam,Underway,,
890123456,HARBOR MASTER,Cargo,2025-12-14T13:22:24.179102,7.666232,80.109237,14.0,24.7,Colombo,Visakhapatnam,Underway,,
890123456,HARBOR MASTER,Cargo,2025-12-14T13:51:24.179102,7.767159,80.069074,14.0,338.3,Colombo,Visakhapatnam,Underway,,
890123456,HARBOR MASTER,Cargo,2025-12-14T14:26:24.179102,8.0504,80.208436,14.0,26.2,Colombo,Visakhapatnam,Underway,,
890123456,HARBOR MASTER,Cargo,2025-12-14T14:54:24.179102,8.371731,80.245768,12.8,6.6,Colombo,Visakhapatnam,Underway,,
890123456,HARBOR MASTER,Cargo,2025-12-14T15:29:24.179102,8.645606,80.456712,14.1,37.6,Colombo,Visakhapatnam,Underway,,
890123456,HARBOR MASTER,Cargo,2025-12-14T15:58:24.179102,8.5255,80.343594,13.0,223.3,Colombo,Visakhapatnam,Underway,,
890123456,HARBOR MASTER,Cargo,2025-12-14T16:23:24.179102,8.937193,80.40777,12.9,8.9,Colombo,Visakhapatnam,Underway,,
890123456,HARBOR MASTER,Cargo,2025-12-14T16:57:24.179102,9.203161,80.671224,10.9,44.7,Colombo,Visakhapatnam,Underway,,
890123456,HARBOR MASTER,Cargo,2025-12-14T17:24:24.179102,9.241748,80.652691,10.4,334.3,Colombo,Visakhapatnam,Underway,,
890123456,HARBOR MASTER,Cargo,2025-12-14T17:53:24.179102,9.56019,80.544547,16.4,341.2,Colombo,Visakhapatnam,Underway,,
890123456,HARBOR MASTER,Cargo,2025-12-14T18:20:24.179102,9.65042,80.763885,12.6,67.6,Colombo,Visakhapatnam,Underway,,
890123456,HARBOR MASTER,Cargo,2025-12-14T18:54:24.179102,9.798042,80.921482,12.0,46.9,Colombo,Visakhapatnam,Underway,,
890123456,HARBOR MASTER,Cargo,2025-12-14T19:29:24.179102,10.21701,80.932968,12.2,1.6,Colombo,Visakhapatnam,Underway,,
890123456,HARBOR MASTER,Cargo,2025-12-14T19:54:24.179102,10.409641,80.89315,13.3,348.3,Colombo,Visakhapatnam,Underway,,
890123456,HARBOR MASTER,Cargo,2025-12-14T20:27:24.179102,10.584267,81.047326,13.7,41.4,Colombo,Visakhapatnam,Underway,,
890123456,HARBOR MASTER,Cargo,2025-12-14T20:50:24.179102,10.776496,81.215752,12.3,41.2,Colombo,Visakhapatnam,Underway,,
890123456,HARBOR MASTER,Cargo,2025-12-14T21:21:24.179102,11.084401,81.222623,14.2,1.3,Colombo,Visakhapatnam,Underway,,
890123456,HARBOR MASTER,Cargo,2025-12-14T21:55:24.179102,11.215994,81.42839,11.9,57.4,Colombo,Visakhapatnam,Underway,,
890123456,HARBOR MASTER,Cargo,2025-12-14T22:20:24.179102,11.655213,81.140216,13.5,326.7,Colombo,Visakhapatnam,Underway,,
890123456,HARBOR MASTER,Cargo,2025-12-14T22:59:24.179102,11.793569,81.292104,14.4,47.7,Colombo,Visakhapatnam,Underway,,
890123456,HARBOR MASTER,Cargo,2025-12-14T23:23:24.179102,11.985623,81.515524,14.0,49.3,Colombo,Visakhapatnam,Underway,,
890123456,HARBOR MASTER,Cargo,2025-12-14T23:55:24.179102,12.091491,81.5752,11.9,29.4,Colombo,Visakhapatnam,Underway,,
890123456,HARBOR MASTER,Cargo,2025-12-15T00:22:24.179102,12.417666,81.476607,10.0,343.2,Colombo,Visakhapatnam,Underway,,
890123456,HARBOR MASTER,Cargo,2025-12-15T00:50:24.179102,12.781629,81.831521,11.8,44.3,Colombo,Visakhapatnam,Underway,,
890123456,HARBOR MASTER,Cargo,2025-12-15T01:23:24.179102,12.662311,81.776593,13.2,204.7,Colombo,Visakhapatnam,Underway,,
890123456,HARBOR MASTER,Cargo,2025-12-15T01:53:24.179102,13.147146,81.680828,10.7,348.8,Colombo,Visakhapatnam,Underway,,
890123456,HARBOR MASTER,Cargo,2025-12-15T02:29:24.179102,13.273125,81.794743,15.6,42.1,Colombo,Visakhapatnam,Underway,,
890123456,HARBOR MASTER,Cargo,2025-12-15T02:58:24.179102,13.509257,81.79134,13.5,359.2,Colombo,Visakhapatnam,Underway,,
890123456,HARBOR MASTER,Cargo,2025-12-15T03:24:24.179102,13.76788,81.947892,13.6,31.2,Colombo,Visakhapatnam,Underway,,
890123456,HARBOR MASTER,Cargo,2025-12-15T03:55:24.179102,13.986353,81.964258,11.3,4.3,Colombo,Visakhapatnam,Underway,,
890123456,HARBOR MASTER,Cargo,2025-12-15T04:28:24.179102,14.20608,82.049604,14.1,21.2,Colombo,Visakhapatnam,Underway,,
890123456,HARBOR MASTER,Cargo,2025-12-15T04:55:24.179102,14.459456,82.070775,13.1,4.8,Colombo,Visakhapatnam,Underway,,
890123456,HARBOR MASTER,Cargo,2025-12-15T05:27:24.179102,14.567274,82.300854,11.8,64.9,Colombo,Visakhapatnam,Underway,,
890123456,HARBOR MASTER,Cargo,2025-12-15T05:55:24.179102,14.79071,82.481426,10.1,38.9,Colombo,Visakhapatnam,Underway,,
890123456,HARBOR MASTER,Cargo,2025-12-15T06:29:24.179102,14.817038,82.428875,13.1,296.6,Colombo,Visakhapatnam,Underway,,
890123456,HARBOR MASTER,Cargo,2025-12-15T06:52:24.179102,15.304045,82.599157,14.9,19.3,Colombo,Visakhapatnam,Underway,,
890123456,HARBOR MASTER,Cargo,2025-12-15T07:27:24.179102,15.397722,82.442734,13.2,300.9,Colombo,Visakhapatnam,Underway,,
890123456,HARBOR MASTER,Cargo,2025-12-15T07:53:24.179102,15.888756,82.434956,11.1,359.1,Colombo,Visakhapatnam,Underway,,
890123456,HARBOR MASTER,Cargo,2025-12-15T08:26:24.179102,15.891152,82.546375,9.9,88.8,Colombo,Visakhapatnam,Underway,,
890123456,HARBOR MASTER,Cargo,2025-12-15T08:55:24.179102,16.246215,82.692597,14.6,22.4,Colombo,Visakhapatnam,Underway,,
890123456,HARBOR MASTER,Cargo,2025-12-15T09:20:24.179102,16.467603,82.815845,10.5,29.1,Colombo,Visakhapatnam,Underway,,
890123456,HARBOR MASTER,Cargo,2025-12-15T09:51:24.179102,16.545421,82.832233,13.9,11.9,Colombo,Visakhapatnam,Underway,,
890123456,HARBOR MASTER,Cargo,2025-12-15T10:25:24.179102,16.776824,82.785791,13.5,348.7,Colombo,Visakhapatnam,Underway,,
890123456,HARBOR MASTER,Cargo,2025-12-15T10:57:24.179102,17.077971,83.094801,13.2,45.7,Colombo,Visakhapatnam,Underway,,
890123456,HARBOR MASTER,Cargo,2025-12-15T11:24:24.179102,17.265283,82.903205,14.1,314.4,Colombo,Visakhapatnam,Underway,,
890123456,HARBOR MASTER,Cargo,2025-12-15T11:56:24.179102,17.485864,83.080308,10.6,38.8,Colombo,Visakhapatnam,Underway,,
890123456,HARBOR MASTER,Cargo,2025-12-15T12:28:24.179102,17.694573,83.238563,11.4,37.2,Colombo,Visakhapatnam,Underway,,
999111222,SHADOW VESSEL,Unknown,2025-12-13T17:55:24.183695,14.999733157644338,71.99656244863051,10.3,40.2,Unknown,Unknown,Underway,False,
999111222,SHADOW VESSEL,Unknown,2025-12-13T18:55:24.183695,15.097327321367555,72.07449054414145,11.9,44.6,Unknown,Unknown,Underway,False,
999111222,SHADOW VESSEL,Unknown,2025-12-13T19:55:24.183695,15.199912214156878,72.10577806204913,10.7,41.4,Unknown,Unknown,Underway,False,
999111222,SHADOW VESSEL,Unknown,2025-12-13T20:55:24.183695,15.296129877976812,72.13179696785552,11.2,44.2,Unknown,Unknown,Underway,False,
999111222,SHADOW VESSEL,Unknown,2025-12-13T21:55:24.183695,15.417719617466917,72.20603175381926,11.2,40.3,Unknown,Unknown,Underway,False,
999111222,SHADOW VESSEL,Unknown,2025-12-13T22:55:24.183695,15.5042838746749,72.26385610533085,8.8,46.5,Unknown,Unknown,Underway,False,
999111222,SHADOW VESSEL,Unknown,2025-12-13T23:55:24.183695,15.607854096744184,72.29548539997937,10.9,48.8,Unknown,Unknown,Underway,False,
999111222,SHADOW VESSEL,Unknown,2025-12-14T00:55:24.183695,15.699240061982861,72.32708116942322,8.5,46.5,Unknown,Unknown,Underway,False,
999111222,SHADOW VESSEL,Unknown,2025-12-14T01:55:24.183695,15.802729518741112,72.40982342395858,9.4,40.5,Unknown,Unknown,Underway,False,
999111222,SHADOW VESSEL,Unknown,2025-12-14T02:55:24.183695,15.900746192592289,72.45077730979831,8.5,46.1,Unknown,Unknown,Underway,False,
999111222,SHADOW VESSEL,Unknown,2025-12-14T15:55:24.183695,16.506726311158598,73.49205161727446,11.4,41.9,Unknown,Unknown,Underway,True,AIS_gap_suspicious_relocation
999111222,SHADOW VESSEL,Unknown,2025-12-14T16:55:24.183695,16.589144944108593,73.562093494807,9.4,47.3,Unknown,Unknown,Underway,True,AIS_gap_suspicious_relocation
999111222,SHADOW VESSEL,Unknown,2025-12-14T17:55:24.183695,16.70739100043274,73.59722615983993,11.6,45.3,Unknown,Unknown,Underway,True,AIS_gap_suspicious_relocation
999111222,SHADOW VESSEL,Unknown,2025-12-14T18:55:24.183695,16.79056580973781,73.63177140209955,10.9,41.3,Unknown,Unknown,Underway,True,AIS_gap_suspicious_relocation
999111222,SHADOW VESSEL,Unknown,2025-12-14T19:55:24.183695,16.911765821282263,73.69852112961158,11.7,45.6,Unknown,Unknown,Underway,True,AIS_gap_suspicious_relocation
999333444,PHANTOM RUNNER,Cargo,2025-12-14T17:55:24.183791,12.0,75.0,18.0,81.2,Kochi,Singapore,Underway,False,
999333444,PHANTOM RUNNER,Cargo,2025-12-14T18:55:24.183791,12.1,75.05,14.9,83.7,Kochi,Singapore,Underway,False,
999333444,PHANTOM RUNNER,Cargo,2025-12-14T19:55:24.183791,12.2,75.1,15.6,98.5,Kochi,Singapore,Underway,False,
999333444,PHANTOM RUNNER,Cargo,2025-12-14T20:55:24.183791,12.3,75.15,16.5,90.9,Kochi,Singapore,Underway,False,
999333444,PHANTOM RUNNER,Cargo,2025-12-14T21:55:24.183791,12.4,75.2,17.8,88.3,Kochi,Singapore,Underway,False,
999333444,PHANTOM RUNNER,Cargo,2025-12-14T22:55:24.183791,12.5,75.25,13.2,93.5,Kochi,Singapore,Underway,False,
999333444,PHANTOM RUNNER,Cargo,2025-12-14T23:55:24.183791,12.6,75.3,16.3,94.8,Kochi,Singapore,Underway,False,
999333444,PHANTOM RUNNER,Cargo,2025-12-15T00:55:24.183791,12.7,75.35,13.7,80.1,Kochi,Singapore,Underway,False,
999333444,PHANTOM RUNNER,Cargo,2025-12-15T01:55:24.183791,12.8,75.4,17.2,90.5,Kochi,Singapore,Underway,False,
999333444,PHANTOM RUNNER,Cargo,2025-12-15T02:55:24.183791,12.9,75.45,15.3,94.4,Kochi,Singapore,Underway,False,
999333444,PHANTOM RUNNER,Cargo,2025-12-15T03:55:24.183791,13.0,75.5,85.0,85.4,Kochi,Singapore,Underway,True,impossible_speed
999333444,PHANTOM RUNNER,Cargo,2025-12-15T04:55:24.183791,13.1,75.55,13.4,91.7,Kochi,Singapore,Underway,False,
999333444,PHANTOM RUNNER,Cargo,2025-12-15T05:55:24.183791,13.2,75.6,16.6,81.0,Kochi,Singapore,Underway,False,
999333444,PHANTOM RUNNER,Cargo,2025-12-15T06:55:24.183791,13.3,75.65,16.3,97.7,Kochi,Singapore,Underway,False,
999333444,PHANTOM RUNNER,Cargo,2025-12-15T07:55:24.183791,13.4,75.7,14.0,82.4,Kochi,Singapore,Underway,False,
999333444,PHANTOM RUNNER,Cargo,2025-12-15T08:55:24.183791,13.5,75.75,12.9,83.4,Kochi,Singapore,Underway,False,
999333444,PHANTOM RUNNER,Cargo,2025-12-15T09:55:24.183791,13.6,75.8,15.3,80.2,Kochi,Singapore,Underway,False,
999333444,PHANTOM RUNNER,Cargo,2025-12-15T10:55:24.183791,13.7,75.85,17.2,89.2,Kochi,Singapore,Underway,False,
999333444,PHANTOM RUNNER,Cargo,2025-12-15T11:55:24.183791,13.8,75.9,17.2,85.0,Kochi,Singapore,Underway,False,
999333444,PHANTOM RUNNER,Cargo,2025-12-15T12:55:24.183791,13.9,75.95,13.0,91.8,Kochi,Singapore,Underway,False,
